{
  "numberofnodes": 17822,
  "numberofnodes30dchange": 0.18553918812548886,
  "numberofchannels": 86512,
  "numberofchannels30dchange": -0.57577603346626915,
  "networkcapacity": 478739558010,
  "networkcapacity30dchange": 4.49455381039472,
  "networkcapacityusd": 95463588.178497866,
  "publicipnodes": 15373,
  "ipv6nodes": 165,
  "tornodes": 12579,
  "newnodes24h": 16,
  "newchannels24h": 445,
  "updatednodes24h": 7913,
  "updatedchannels24h": 76766,
  "layer1capacityratio": 0.00022797121810000002,
  "averagenodecapacity": 0.26862434519694761,
  "averagenodecapacityusd": 5356.5333040777059,
  "averagechannelcapacity": 0.05528837668179299,
  "averagechannelcapacityusd": 1102.4839569447281,
  "averagenodeagedays": 597.04373842592588,
  "averagechannelagedays": 355.88648148148144,
  "averagechannelpernode": 9.7086746717540127,
  "medianbasefee": 0.94255424637960428,
  "medianbasefeeusd": 0.000187951066308996,
  "medianfeerate": 2.6655211305724232E-05,
  "medianfeerateusd": 5.3152117311503774E-09
}
