{
  "numberofnodes": 17810,
  "numberofnodes30dchange": 0.37767756482524817,
  "numberofchannels": 86494,
  "numberofchannels30dchange": -0.5930352833007646,
  "networkcapacity": 462986554972,
  "networkcapacity30dchange": 5.2786632033077581,
  "networkcapacityusd": 93231000.69219017,
  "publicipnodes": 15360,
  "ipv6nodes": 159,
  "tornodes": 12559,
  "newnodes24h": 14,
  "newchannels24h": 332,
  "updatednodes24h": 7028,
  "updatedchannels24h": 75732,
  "layer1capacityratio": 0.00022046978808190474,
  "averagenodecapacity": 0.25996030599213926,
  "averagenodecapacityusd": 5234.7868869239292,
  "averagechannelcapacity": 0.053480522760838929,
  "averagechannelcapacityusd": 1076.9303343670545,
  "averagenodeagedays": 588.323912037037,
  "averagechannelagedays": 351.98141203703705,
  "averagechannelpernode": 9.7131948343627172,
  "medianbasefee": 0.93647228200039767,
  "medianbasefeeusd": 0.00018857620601245344,
  "medianfeerate": 2.6167212248846423E-05,
  "medianfeerateusd": 5.2692575131742807E-09
}
