{
  "numberofnodes": 17821,
  "numberofnodes30dchange": 0.40572523385552017,
  "numberofchannels": 86582,
  "numberofchannels30dchange": -0.45986525947897405,
  "networkcapacity": 464714055267,
  "networkcapacity30dchange": 4.494970685086173,
  "networkcapacityusd": 92122730.160070315,
  "publicipnodes": 15360,
  "ipv6nodes": 160,
  "tornodes": 12561,
  "newnodes24h": 21,
  "newchannels24h": 450,
  "updatednodes24h": 7459,
  "updatedchannels24h": 77077,
  "layer1capacityratio": 0.00022129240727,
  "averagenodecapacity": 0.26076920782616014,
  "averagenodecapacityusd": 5169.36621441812,
  "averagechannelcapacity": 0.053625534147725959,
  "averagechannelcapacityusd": 1063.04738494347,
  "averagenodeagedays": 589.34778935185182,
  "averagechannelagedays": 352.54738425925922,
  "averagechannelpernode": 9.7170753605297122,
  "medianbasefee": 0.93140113917548706,
  "medianbasefeeusd": 0.00018463658424479443,
  "medianfeerate": 2.6339376437381686E-05,
  "medianfeerateusd": 5.2213941898772896E-09
}
