{
  "numberofnodes": 16298,
  "numberofnodes30dchange": 1.3370646766169187,
  "numberofchannels": 76458,
  "numberofchannels30dchange": 0.27278688524590677,
  "networkcapacity": 540718663375,
  "networkcapacity30dchange": 2.5010423115338796,
  "networkcapacityusd": 126469445.18290746,
  "publicipnodes": 14090,
  "ipv6nodes": 171,
  "tornodes": 11533,
  "newnodes24h": 24,
  "newchannels24h": 266,
  "updatednodes24h": 4720,
  "updatedchannels24h": 68970,
  "layer1capacityratio": 0.00025748507779761905,
  "averagenodecapacity": 0.3317716366271935,
  "averagenodecapacityusd": 7759.8532571025562,
  "averagechannelcapacity": 0.070646448436316137,
  "averagechannelcapacityusd": 1652.3596729797791,
  "averagenodeagedays": 690.57537037037036,
  "averagechannelagedays": 393.89975694444445,
  "averagechannelpernode": 9.3827463492453056,
  "medianbasefee": 0.0015,
  "medianbasefeeusd": 3.508371E-07,
  "medianfeerate": 2.2318377221828856E-05,
  "medianfeerateusd": 5.2200764941416614E-09
}
